{
    "kheperax": {
        "0": {
            "min": 0.0,
            "max": 0.2
        },
        "1": {
            "min": 0.0,
            "max": 0.2
        },
        "2": {
            "min": 0.0,
            "max": 0.2
        },
        "3": {
            "min": 0.0,
            "max": 1.0
        },
        "4": {
            "min": 0.0,
            "max": 1.0
        }
    },
    "ant_maze": {
        "0": {
            "min": -1.7705434560775757,
            "max": -0.9667752981185913
        },
        "1": {
            "min": -2.2360222339630127,
            "max": -0.975135326385498
        },
        "2": {
            "min": 0.24112436175346375,
            "max": 0.24999968707561493
        },
        "3": {
            "min": -1.0,
            "max": -0.9999982118606567
        },
        "4": {
            "min": -1.0,
            "max": -0.999907374382019
        },
        "5": {
            "min": -1.0,
            "max": -0.9999863505363464
        },
        "6": {
            "min": -1.0,
            "max": -0.999994158744812
        },
        "7": {
            "min": -0.802335262298584,
            "max": -0.5480597615242004
        },
        "8": {
            "min": 0.3584105372428894,
            "max": 0.4827920198440552
        },
        "9": {
            "min": -0.8025585412979126,
            "max": -0.616563618183136
        },
        "10": {
            "min": -1.4314825534820557,
            "max": -1.2841100692749023
        },
        "11": {
            "min": -0.8218973875045776,
            "max": -0.6823819279670715
        },
        "12": {
            "min": -1.4279327392578125,
            "max": -1.2867628335952759
        },
        "13": {
            "min": -0.8169262409210205,
            "max": -0.6702733039855957
        },
        "14": {
            "min": 0.3623208999633789,
            "max": 0.45228561758995056
        },
        "15": {
            "min": -7.6702117919921875,
            "max": -3.5473556518554688
        },
        "16": {
            "min": -7.489299774169922,
            "max": -3.263211250305176
        },
        "17": {
            "min": -6.98850154876709,
            "max": -3.6397814750671387
        },
        "18": {
            "min": -18.551250457763672,
            "max": -6.584519386291504
        },
        "19": {
            "min": -17.671621322631836,
            "max": -6.809086322784424
        },
        "20": {
            "min": -18.313520431518555,
            "max": -7.844448089599609
        },
        "21": {
            "min": -26.00299835205078,
            "max": -12.24675464630127
        },
        "22": {
            "min": -19.94106674194336,
            "max": -7.363615036010742
        },
        "23": {
            "min": -25.519962310791016,
            "max": -11.473821640014648
        },
        "24": {
            "min": -19.61825180053711,
            "max": -11.121133804321289
        },
        "25": {
            "min": -25.22672462463379,
            "max": -7.505199909210205
        },
        "26": {
            "min": -19.581497192382812,
            "max": -12.093484878540039
        },
        "27": {
            "min": -25.507160186767578,
            "max": -6.3135480880737305
        },
        "28": {
            "min": -19.311946868896484,
            "max": -10.246431350708008
        }
    },
    "half_cheetah": {
        "0": {
            "min": 0.04038648679852486,
            "max": 0.08350816369056702
        },
        "1": {
            "min": -1.0,
            "max": -1.0
        },
        "2": {
            "min": -1.0000001192092896,
            "max": -1.0
        },
        "3": {
            "min": -1.5165350437164307,
            "max": -1.2165000438690186
        },
        "4": {
            "min": -1.951089859008789,
            "max": -1.4736233949661255
        },
        "5": {
            "min": -2.255953788757324,
            "max": -1.402567982673645
        },
        "6": {
            "min": -2.2457144260406494,
            "max": -1.7100094556808472
        },
        "7": {
            "min": -2.0891456604003906,
            "max": -1.8531309366226196
        },
        "8": {
            "min": -1.9958903789520264,
            "max": -1.3350008726119995
        },
        "9": {
            "min": -11.663814544677734,
            "max": -6.674538612365723
        },
        "10": {
            "min": -10.392749786376953,
            "max": -6.796957015991211
        },
        "11": {
            "min": -44.22489547729492,
            "max": -20.038362503051758
        },
        "12": {
            "min": -286.0055236816406,
            "max": -154.9387664794922
        },
        "13": {
            "min": -308.0973815917969,
            "max": -179.61172485351562
        },
        "14": {
            "min": -687.307861328125,
            "max": -380.0432434082031
        },
        "15": {
            "min": -307.8669128417969,
            "max": -181.65260314941406
        },
        "16": {
            "min": -476.342041015625,
            "max": -302.8669738769531
        },
        "17": {
            "min": -760.1372680664062,
            "max": -391.8766174316406
        }
    },
    "walker": {
        "0": {
            "min": 0.699999988079071,
            "max": 0.7000001668930054
        },
        "1": {
            "min": -1.0,
            "max": -0.999999463558197
        },
        "2": {
            "min": -2.7072253227233887,
            "max": -1.8327853679656982
        },
        "3": {
            "min": -2.711491107940674,
            "max": -2.637552261352539
        },
        "4": {
            "min": -0.8666992783546448,
            "max": -0.7951596975326538
        },
        "5": {
            "min": -2.701233148574829,
            "max": -2.0069074630737305
        },
        "6": {
            "min": -2.6980600357055664,
            "max": -2.3227992057800293
        },
        "7": {
            "min": -0.8643063306808472,
            "max": -0.798346996307373
        },
        "8": {
            "min": -5.752076148986816,
            "max": -2.5096354484558105
        },
        "9": {
            "min": -7.938560962677002,
            "max": -3.010593891143799
        },
        "10": {
            "min": -9.995322227478027,
            "max": -3.9367871284484863
        },
        "11": {
            "min": -13.611659049987793,
            "max": -2.8111910820007324
        },
        "12": {
            "min": -17.380155563354492,
            "max": -3.846567153930664
        },
        "13": {
            "min": -12.102962493896484,
            "max": -3.853806257247925
        },
        "14": {
            "min": -14.654622077941895,
            "max": -3.662388801574707
        },
        "15": {
            "min": -12.916674613952637,
            "max": -2.588125467300415
        },
        "16": {
            "min": -11.94656753540039,
            "max": -3.5887460708618164
        }
    }
}